{
  "preset_info": {
    "version": 10,
    "title": "cornie",
    "description": "KLWP screen designed for Cornie Icons and it was included in it. ",
    "author": "Patryk Goworowski",
    "email": "patrykgoworowski@gmail.com",
    "archive": "kfile://org.kustom.sdcard.000/wallpapers/Cornie_KLWP.klwp/",
    "width": 540,
    "height": 960,
    "xscreens": 2,
    "flags": "OFFSET TICK_SECOND TICK_MINUTE TICK_HOUR BATTERY LOCATION WEATHER CONTENT_BITMAP MUSIC_STATUS MUSIC_COVER MUSIC_PROGRESS VISIBILITY GLOBAL",
    "release": 315610511
  },
  "preset_root": {
    "internal_type": "RootLayerModule",
    "position_padding_top": 90.0,
    "background_color": "#FF1B3346",
    "background_bitmap": "kfile://org.kustom.provider/bitmaps/IMGfe2a32f7be0c759ca084196c247858fb",
    "globals_list": {
      "rr": {
        "index": 2,
        "type": "SWITCH",
        "title": "rr",
        "value": 0
      },
      "navbar": {
        "index": 3,
        "type": "SWITCH",
        "title": "navbar",
        "value": 0
      }
    },
    "viewgroup_items": [
      {
        "internal_type": "KomponentModule",
        "globals_list": {
          "type": {
            "index": 2,
            "type": "LIST",
            "title": "Type",
            "entries": "roadmap,satellite,hybrid",
            "value": "roadmap"
          },
          "width": {
            "index": 3,
            "type": "NUMBER",
            "title": "Width",
            "min": 1,
            "max": 640,
            "value": 1080.0
          },
          "height": {
            "index": 5,
            "type": "NUMBER",
            "title": "Height",
            "min": 1,
            "max": 640,
            "value": 640.0
          },
          "zoom": {
            "index": 1,
            "type": "NUMBER",
            "title": "Zoom",
            "min": 1,
            "max": 20,
            "value": 15.0
          },
          "def": {
            "index": 6,
            "type": "LIST",
            "title": "Def",
            "entries": "HD,SD",
            "value": "HD"
          },
          "center": {
            "index": 7,
            "type": "LIST",
            "title": "Center",
            "entries": "exact,local",
            "value": "exact"
          },
          "marktype": {
            "index": 8,
            "type": "LIST",
            "title": "MarkType",
            "entries": "none,google,pin,point",
            "value": "pin"
          },
          "marker": {
            "index": 9,
            "type": "COLOR",
            "title": "Marker",
            "value": "#FF22E2EA"
          },
          "land": {
            "index": 10,
            "type": "COLOR",
            "title": "Land",
            "value": "#FF273F53"
          },
          "water": {
            "index": 11,
            "type": "COLOR",
            "title": "Water",
            "value": "#FF2A516F"
          },
          "park": {
            "index": 12,
            "type": "COLOR",
            "title": "Park",
            "value": "#00808080"
          },
          "roadlab": {
            "index": 13,
            "type": "SWITCH",
            "title": "RoadLab",
            "value": 0
          },
          "roadicon": {
            "index": 14,
            "type": "SWITCH",
            "title": "RoadIcon",
            "value": 0
          },
          "roadfill": {
            "index": 15,
            "type": "COLOR",
            "title": "RoadFill",
            "value": "#FF1B3346"
          },
          "roadstr": {
            "index": 16,
            "type": "COLOR",
            "title": "RoadStr",
            "value": "#FF273F53"
          },
          "loclab": {
            "index": 17,
            "type": "SWITCH",
            "title": "LocLab",
            "value": 0
          },
          "locbord": {
            "index": 18,
            "type": "SWITCH",
            "title": "LocBord",
            "value": 0
          },
          "tfill": {
            "index": 19,
            "type": "COLOR",
            "title": "TFill",
            "value": "#FF22E2EA"
          },
          "tstr": {
            "index": 20,
            "type": "COLOR",
            "title": "TStr",
            "value": "#00808080"
          },
          "attract": {
            "index": 21,
            "type": "SWITCH",
            "title": "Attract",
            "value": 0
          },
          "med": {
            "index": 22,
            "type": "SWITCH",
            "title": "Med",
            "value": 0
          },
          "worship": {
            "index": 23,
            "type": "SWITCH",
            "title": "Worship",
            "value": 0
          },
          "school": {
            "index": 24,
            "type": "SWITCH",
            "title": "School",
            "value": 0
          },
          "transit": {
            "index": 25,
            "type": "SWITCH",
            "title": "Transit",
            "value": 0
          }
        },
        "internal_title": "Kustom Map",
        "internal_description": "A very customisable map component with globals to adjust most settings from the Google maps API.",
        "internal_author_email": "jonaseymour@gmail.com",
        "internal_author_name": "jonaseymour",
        "position_anchor": "BOTTOM",
        "position_offset_y": -28.0,
        "internal_animations": [
          {
            "type": "SCROLL",
            "speed": 100.0,
            "limit": 51.0,
            "action": "FADE_INVERTED",
            "center": "SCREEN2",
            "rule": "FROM_CENTER"
          }
        ],
        "viewgroup_items": [
          {
            "internal_type": "BitmapModule",
            "internal_toggles": {
              "bitmap_bitmap": 10
            },
            "internal_formulas": {
              "bitmap_bitmap": "http://maps.googleapis.com/maps/api/staticmap?sensor\u003dfalse\u0026size\u003d$mu(round(gv(Width)))$x$mu(round(gv(Height)))$\u0026scale\u003d$if(gv(Def)\u003d\"HD\",\"2\",\"1\")$\u0026maptype\u003d$gv(Type)$\u0026zoom\u003d$mu(round(gv(Zoom)))$\u0026center\u003d$if(gv(Center)\u003d\"exact\",li(lat),li(loc))$,$if(gv(Center)\u003d\"exact\",li(lon),li(admin))$\u0026style\u003dfeature:administrative|element:all|visibility:off\u0026style\u003dfeature:administrative|element:geometry|visibility:$if(gv(LocBord)\u003d1,\"on\",\"off\")$\u0026style\u003dfeature:administrative|element:labels|visibility:$if(gv(LocLab)\u003d1,\"on\",\"off\")$\u0026style\u003dfeature:administrative|element:labels.text.fill|color:0x$tc(reg, gv(TFill), tc(cut, gv(TFill), 3), \"\")$\u0026style\u003dfeature:administrative|element:labels.text.stroke|color:0x$tc(reg, gv(TStr), tc(cut, gv(TStr), 3), \"\")$\u0026style\u003dfeature:landscape|element:all|color:0x$tc(reg, gv(Land), tc(cut, gv(Land), 3), \"\")$|visibility:on\u0026style\u003dfeature:poi|element:all|visibility:off\u0026style\u003dfeature:poi.attraction|element:labels.icon|visibility:$if(gv(Attract)\u003d1,\"on\",\"off\")$\u0026style\u003dfeature:poi.business|element:labels.icon|visibility:$if(gv(Busin)\u003d1,\"on\",\"off\")$\u0026style\u003dfeature:poi.medical|element:labels.icon|visibility:$if(gv(Med)\u003d1,\"on\",\"off\")$\u0026style\u003dfeature:poi.park|element:all|color:0x$tc(reg, gv(Park), tc(cut, gv(Park), 3), \"\")$|visibility:on\u0026style\u003dfeature:poi.park|element:labels|visibility:off\u0026style\u003dfeature:poi.place_of_worship|element:labels.icon|visibility:$if(gv(Worship)\u003d1,\"on\",\"off\")$\u0026style\u003dfeature:poi.school|element:labels.icon|visibility:$if(gv(School)\u003d1,\"on\",\"off\")$\u0026style\u003dfeature:poi.sports_complex|element:all|visibility:off\u0026style\u003dfeature:road|element:geometry.fill|color:0x$tc(reg, gv(RoadFill), tc(cut, gv(RoadFill), 3), \"\")$\u0026style\u003dfeature:road|element:geometry.stroke|color:0x$tc(reg, gv(RoadStr), tc(cut, gv(RoadStr), 3), \"\")$\u0026style\u003dfeature:road|element:labels.text|visibility:$if(gv(RoadLab)\u003d1,\"on\",\"off\")$\u0026style\u003dfeature:road|element:labels.text.fill|color:0x$tc(reg, gv(RoadStr), tc(cut, gv(RoadStr), 3), \"\")$\u0026style\u003dfeature:road|element:labels.text.stroke|color:0xffffff\u0026style\u003dfeature:road|element:labels.icon|visibility:off\u0026style\u003dfeature:transit|element:all|visibility:$if(gv(RoadIcon)\u003d1,\"on\",\"off\")$\u0026style\u003dfeature:transit|element:labels.icon|visibility:$if(gv(Transit)\u003d1,\"on\",\"off\")$\u0026style\u003dfeature:water|element:all|color:0x$tc(reg, gv(Water), tc(cut, gv(Water), 3), \"\")$\u0026markers\u003dcolor:0x$tc(reg, gv(Marker), tc(cut, gv(Marker), 3), \"\")$|$if(gv(MarkType)\u003d\"google\",if(gv(Center)\u003d\"exact\",li(lat),li(loc)))$,$if(gv(MarkType)\u003d\"google\",if(gv(Center)\u003d\"exact\",li(lon),li(admin)))$"
            },
            "bitmap_width": 1130.0,
            "position_padding_right": 0.0,
            "position_padding_top": 0.0
          }
        ]
      },
      {
        "internal_type": "OverlapLayerModule",
        "internal_title": "Music Info And Controls",
        "internal_animations": [
          {
            "type": "SCROLL",
            "action": "SCROLL",
            "center": "SCREEN3",
            "speed": 200.0,
            "amount": 100,
            "filter": "BRIGHTEN"
          }
        ],
        "position_offset_x": 0.0,
        "position_offset_y": 168.0,
        "viewgroup_items": [
          {
            "internal_type": "BitmapModule",
            "internal_toggles": {
              "bitmap_mode": 10,
              "bitmap_bitmap": 10,
              "bitmap_blur": 0,
              "bitmap_filter": 10
            },
            "internal_formulas": {
              "bitmap_bitmap": "$mi(cover)$",
              "bitmap_blur": "$if(mi(state)\u003dPLAYING, 0, 10)$",
              "bitmap_filter": "$if(mi(state)\u003dPLAYING, None, BW )$"
            },
            "bitmap_width": 720.0,
            "internal_events": [
              {
                "action": "MUSIC",
                "music_action": "OPEN_APP"
              }
            ],
            "bitmap_blur": 0.0,
            "bitmap_filter": "BW",
            "position_anchor": "TOP"
          },
          {
            "internal_type": "ShapeModule",
            "shape_type": "RECT",
            "shape_width": 720.0,
            "shape_height": 176.0,
            "paint_color": "#FF324A5F",
            "fx_shadow": "OUTER",
            "fx_shadow_color": "#3F000000",
            "fx_shadow_direction": 270.0,
            "fx_shadow_distance": 8.0,
            "fx_shadow_blur": 24.0,
            "position_padding_top": 718.0,
            "position_anchor": "TOP"
          },
          {
            "internal_type": "ProgressModule",
            "position_padding_top": 718.0,
            "position_padding_bottom": 0.0,
            "progress_progress": "MUSIC",
            "style_size": 720.0,
            "style_height": 8.0,
            "color_bgcolor": "#FF273F53",
            "position_anchor": "TOP"
          },
          {
            "internal_type": "TextModule",
            "text_expression": "$mi(title)$\n[c\u003d#8affffff][s\u003d0.65]$mi(artist)$\n$mi(album)$[/s][/c]",
            "text_size": 36.0,
            "text_family": "kfile://org.kustom.provider/fonts/Roboto-Medium.ttf",
            "position_padding_left": 32.0,
            "position_padding_top": 754.0,
            "position_padding_bottom": 0.0,
            "position_anchor": "TOPLEFT"
          },
          {
            "internal_type": "BitmapModule",
            "position_padding_bottom": 0.0,
            "position_anchor": "TOPLEFT",
            "bitmap_bitmap": "kfile://org.kustom.provider/bitmaps/IMG6e31b448d11cf458d7433eaa555f036a",
            "internal_events": [
              {
                "action": "MUSIC",
                "music_action": "PREVIOUS"
              }
            ],
            "position_padding_left": 250.0,
            "position_padding_top": 912.0,
            "internal_title": "Prev",
            "internal_toggles": {
              "position_padding_top": 10
            },
            "internal_formulas": {
              "position_padding_top": "$if(gv(navbar)\u003d0, \"912\",\"618\")$"
            }
          },
          {
            "internal_type": "BitmapModule",
            "position_padding_bottom": 0.0,
            "position_anchor": "TOPRIGHT",
            "bitmap_bitmap": "kfile://org.kustom.provider/bitmaps/IMGeafa0e9a8a43afd0fafdd50346688ec5",
            "position_padding_left": 0.0,
            "position_padding_top": 912.0,
            "internal_events": [
              {
                "action": "MUSIC",
                "music_action": "NEXT"
              }
            ],
            "position_padding_right": 250.0,
            "internal_title": "Next",
            "internal_toggles": {
              "position_padding_top": 10
            },
            "internal_formulas": {
              "position_padding_top": "$if(gv(navbar)\u003d0, \"912\",\"618\")$"
            }
          }
        ]
      },
      {
        "internal_type": "OverlapLayerModule",
        "position_offset_y": -90.0,
        "config_scale_value": 100.0,
        "internal_title": "Topbar",
        "viewgroup_items": [
          {
            "internal_type": "ShapeModule",
            "internal_animations": [
              {
                "type": "DISABLED"
              }
            ],
            "position_offset_x": 0.0,
            "position_offset_y": -90.0,
            "shape_type": "RECT",
            "shape_width": 720.0,
            "shape_height": 256.0,
            "fx_shadow": "OUTER",
            "fx_shadow_color": "#2F000000",
            "fx_shadow_direction": 270.0,
            "fx_shadow_distance": 8.0,
            "fx_shadow_blur": 32.0,
            "paint_color": "#FF21E2EA"
          },
          {
            "internal_type": "ShapeModule",
            "internal_animations": [
              {
                "type": "DISABLED"
              }
            ],
            "position_offset_x": 0.0,
            "position_offset_y": -90.0,
            "shape_type": "RECT",
            "shape_width": 720.0,
            "shape_height": 48.0,
            "paint_color": "#1E000000",
            "position_padding_left": 0.0,
            "position_padding_top": 0.0,
            "position_padding_bottom": 0.0,
            "position_anchor": "TOP"
          },
          {
            "internal_type": "ShapeModule",
            "position_offset_y": 120.0,
            "shape_type": "RECT",
            "position_padding_right": 0.0,
            "position_padding_top": 64.0,
            "position_padding_bottom": 0.0,
            "position_anchor": "TOP",
            "shape_width": 688.0,
            "shape_height": 96.0,
            "shape_corners": 6.0,
            "fx_shadow": "OUTER",
            "fx_shadow_color": "#3F000000",
            "fx_shadow_direction": 0,
            "fx_shadow_distance": 0.0,
            "fx_shadow_blur": 24.0,
            "paint_color": "#FF5DF1F7"
          },
          {
            "internal_type": "TextModule",
            "position_padding_left": 56.0,
            "position_padding_top": 94.0,
            "position_anchor": "TOPLEFT",
            "text_expression": "Google Search",
            "text_size": 32.0,
            "internal_events": [
              {
                "action": "LAUNCH_APP",
                "intent": "intent:#Intent;action\u003dandroid.intent.action.MAIN;category\u003dandroid.intent.category.LAUNCHER;component\u003dcom.google.android.googlequicksearchbox/.SearchActivity;S.org.kustom.intent.label\u003dGoogle;end"
              }
            ]
          },
          {
            "internal_type": "TextModule",
            "position_padding_left": 0.0,
            "position_padding_top": 90.0,
            "position_anchor": "TOPRIGHT",
            "text_expression": "\"",
            "text_size": 48.0,
            "text_family": "kfile://org.kustom.provider/fonts/Material icons 3.ttf",
            "position_padding_right": 52.0,
            "text_align": "RIGHT",
            "internal_events": [
              {
                "action": "KUSTOM_ACTION"
              }
            ]
          }
        ]
      },
      {
        "internal_type": "BitmapModule",
        "internal_animations": [
          {
            "type": "SWITCH",
            "trigger": "rr",
            "action": "SCROLL",
            "angle": 270.0,
            "limit": 0.0,
            "delay": 0.0,
            "speed": 36.0
          },
          {
            "type": "SCROLL",
            "center": "SCREEN1",
            "speed": 200.0
          },
          {
            "type": "SWITCH",
            "trigger": "rr",
            "action": "ROTATE",
            "amount": 50.0,
            "duration": 4.0
          }
        ],
        "internal_events": [
          {
            "action": "SWITCH_GLOBAL",
            "switch": "rr"
          }
        ],
        "position_anchor": "TOPRIGHT",
        "position_offset_x": 8.0,
        "position_offset_y": 440.0,
        "bitmap_bitmap": "kfile://org.kustom.provider/bitmaps/IMG7e334b53c177e1d1b233364467a4e62d"
      },
      {
        "internal_type": "ShapeModule",
        "shape_type": "RECT",
        "shape_width": 740.0,
        "shape_height": 380.0,
        "paint_color": "#36FFFFFF",
        "internal_animations": [
          {
            "type": "SWITCH",
            "action": "SCALE_Y",
            "center": "SCREEN1",
            "anchor": "MODULE_TOP",
            "amount": 70.0,
            "trigger": "rr",
            "duration": 4.0
          }
        ],
        "position_offset_x": 0.0,
        "position_offset_y": 168.0,
        "fx_bitmap_dim": 54,
        "fx_mask": "CLIP_NEXT"
      },
      {
        "internal_type": "StackLayerModule",
        "internal_animations": [
          {
            "type": "SCROLL",
            "center": "SCREEN1",
            "speed": 200.0
          }
        ],
        "position_anchor": "TOPLEFT",
        "position_offset_y": 168.0,
        "viewgroup_items": [
          {
            "internal_type": "OverlapLayerModule",
            "internal_title": "Clock",
            "position_offset_y": 168.0,
            "internal_animations": [
              {
                "type": "SCROLL",
                "center": "SCREEN1",
                "angle": 0,
                "limit": 0.0,
                "action": "SCROLL"
              }
            ],
            "viewgroup_items": [
              {
                "internal_type": "ShapeModule",
                "position_anchor": "TOPLEFT",
                "shape_type": "RECT",
                "shape_width": 720.0,
                "shape_height": 126.0,
                "paint_color": "#00000000",
                "fx_gradient_color": "#00FFFFFF"
              },
              {
                "internal_type": "BitmapModule",
                "position_padding_left": 10.0,
                "position_anchor": "CENTERLEFT",
                "bitmap_bitmap": "kfile://org.kustom.provider/bitmaps/IMG80397d95f0a18a2e8d3dc12df1641cda",
                "bitmap_rotate": 0.0
              },
              {
                "internal_type": "TextModule",
                "position_padding_left": 144.0,
                "position_padding_top": 30.0,
                "position_anchor": "TOPLEFT",
                "text_expression": "$df(hh)$:$df(mm)$",
                "text_size": 32.0,
                "text_family": "kfile://org.kustom.provider/fonts/Roboto-Medium.ttf"
              },
              {
                "internal_type": "TextModule",
                "position_padding_left": 144.0,
                "position_padding_top": 0.0,
                "position_anchor": "BOTTOMLEFT",
                "text_expression": "$df(EEEE)$, $df(d MMM)$",
                "text_size": 28.0,
                "text_family": "kfile://org.kustom.provider/fonts/Roboto-Medium.ttf",
                "position_padding_bottom": 30.0,
                "paint_color": "#8AFFFFFF",
                "position_padding_right": 0.0
              }
            ]
          },
          {
            "internal_type": "OverlapLayerModule",
            "internal_title": "Battery",
            "position_offset_y": 168.0,
            "internal_animations": [
              {
                "type": "SCROLL",
                "center": "SCREEN1",
                "angle": 0,
                "limit": 0.0,
                "action": "SCROLL"
              }
            ],
            "viewgroup_items": [
              {
                "internal_type": "ShapeModule",
                "position_anchor": "TOPLEFT",
                "shape_type": "RECT",
                "shape_width": 720.0,
                "shape_height": 126.0,
                "paint_color": "#00000000",
                "fx_gradient_color": "#00FFFFFF"
              },
              {
                "internal_type": "BitmapModule",
                "position_padding_left": 10.0,
                "position_anchor": "CENTERLEFT",
                "bitmap_bitmap": "kfile://org.kustom.provider/bitmaps/IMG9c8dff174c8d8fdc0425570d339dce8c",
                "bitmap_rotate": 0.0
              },
              {
                "internal_type": "TextModule",
                "position_padding_left": 144.0,
                "position_padding_top": 26.0,
                "position_anchor": "TOPLEFT",
                "text_expression": "$bi(level)$% of battery left",
                "text_size": 32.0,
                "text_family": "kfile://org.kustom.provider/fonts/Roboto-Medium.ttf"
              },
              {
                "internal_type": "TextModule",
                "position_padding_left": 144.0,
                "position_padding_top": 0.0,
                "position_anchor": "BOTTOMLEFT",
                "text_expression": "Current battery temperature $bi(temp)$°$wi(tempu)$",
                "text_size": 28.0,
                "text_family": "kfile://org.kustom.provider/fonts/Roboto-Medium.ttf",
                "position_padding_bottom": 32.0,
                "paint_color": "#8AFFFFFF",
                "position_padding_right": 0.0
              }
            ]
          },
          {
            "internal_type": "OverlapLayerModule",
            "internal_title": "Storage",
            "position_offset_y": 168.0,
            "internal_animations": [
              {
                "type": "SCROLL",
                "center": "SCREEN1",
                "angle": 0,
                "limit": 0.0,
                "action": "SCROLL"
              }
            ],
            "viewgroup_items": [
              {
                "internal_type": "ShapeModule",
                "position_anchor": "TOPLEFT",
                "shape_type": "RECT",
                "shape_width": 720.0,
                "shape_height": 126.0,
                "paint_color": "#00000000",
                "fx_gradient_color": "#00FFFFFF"
              },
              {
                "internal_type": "TextModule",
                "position_padding_left": 144.0,
                "position_padding_top": 26.0,
                "position_anchor": "TOPLEFT",
                "text_expression": "$rm(mfree)$MB of RAM is free",
                "text_size": 32.0,
                "text_family": "kfile://org.kustom.provider/fonts/Roboto-Medium.ttf"
              },
              {
                "internal_type": "TextModule",
                "position_padding_left": 144.0,
                "position_padding_top": 0.0,
                "position_anchor": "BOTTOMLEFT",
                "text_expression": "Current RAM usage $rm(mused)$MB",
                "text_size": 28.0,
                "text_family": "kfile://org.kustom.provider/fonts/Roboto-Medium.ttf",
                "position_padding_bottom": 32.0,
                "paint_color": "#8AFFFFFF",
                "position_padding_right": 0.0
              },
              {
                "internal_type": "BitmapModule",
                "position_padding_left": 10.0,
                "position_anchor": "CENTERLEFT",
                "bitmap_bitmap": "kfile://org.kustom.provider/bitmaps/IMG9c8dff174c8d8fdc0425570d339dce8c",
                "bitmap_rotate": 0.0
              }
            ]
          }
        ]
      },
      {
        "internal_type": "OverlapLayerModule",
        "internal_animations": [
          {
            "type": "SCROLL",
            "action": "SCALE",
            "speed": 200.0,
            "center": "SCREEN3"
          },
          {
            "type": "SCROLL",
            "action": "ROTATE"
          }
        ],
        "position_anchor": "BOTTOMRIGHT",
        "position_offset_x": 24.0,
        "position_offset_y": 240.0,
        "internal_title": "FAB",
        "internal_events": [
          {
            "action": "MUSIC"
          }
        ],
        "viewgroup_items": [
          {
            "internal_type": "ShapeModule",
            "internal_animations": [
              {
                "type": "SCROLL",
                "action": "SCALE"
              }
            ],
            "position_anchor": "BOTTOMRIGHT",
            "position_offset_x": 32.0,
            "position_offset_y": 152.0,
            "shape_type": "CIRCLE",
            "shape_width": 112.0,
            "paint_color": "#FF23E2EA",
            "position_padding_top": 8.0,
            "fx_shadow": "OUTER",
            "fx_shadow_color": "#8A000000",
            "fx_shadow_direction": 0,
            "fx_shadow_distance": 0.0,
            "position_padding_left": 8.0,
            "position_padding_right": 8.0,
            "position_padding_bottom": 8.0,
            "fx_shadow_blur": 32.0
          },
          {
            "internal_type": "TextModule",
            "text_expression": "$if(mi(state)\u003dPLAYING, \"o\", \"W\")$",
            "text_size": 56.0,
            "text_family": "kfile://org.kustom.provider/fonts/Material icons 4.ttf"
          }
        ]
      },
      {
        "internal_type": "ShapeModule",
        "position_padding_top": 0.0,
        "position_padding_bottom": 10.0,
        "shape_type": "RECT",
        "shape_width": 240.0,
        "shape_height": 4.0,
        "internal_animations": [
          {
            "type": "SCROLL",
            "limit": 240.0,
            "center": "SCREEN2",
            "action": "SCROLL_INVERTED"
          }
        ],
        "position_offset_y": 163.0,
        "internal_title": "Slider",
        "position_offset_x": 0.0
      },
      {
        "internal_type": "TextModule",
        "internal_animations": [
          {
            "type": "SCROLL",
            "action": "FADE",
            "amount": 30.0,
            "rule": "BEFORE_CENTER"
          }
        ],
        "position_offset_x": -240.0,
        "position_offset_y": 102.0,
        "text_expression": "HOME",
        "text_size": 28.0,
        "text_family": "kfile://org.kustom.provider/fonts/Roboto-Medium.ttf"
      },
      {
        "internal_type": "TextModule",
        "internal_animations": [
          {
            "type": "SCROLL",
            "action": "FADE",
            "amount": 30.0,
            "rule": "CENTER",
            "center": "SCREEN2"
          }
        ],
        "position_offset_x": 0.0,
        "position_offset_y": 102.0,
        "text_expression": "APPS",
        "text_size": 28.0,
        "text_family": "kfile://org.kustom.provider/fonts/Roboto-Medium.ttf"
      },
      {
        "internal_type": "TextModule",
        "internal_animations": [
          {
            "type": "SCROLL",
            "action": "FADE",
            "amount": 30.0,
            "rule": "CENTER",
            "center": "SCREEN3"
          }
        ],
        "position_offset_x": 240.0,
        "position_offset_y": 102.0,
        "text_expression": "MUSIC",
        "text_size": 28.0,
        "text_family": "kfile://org.kustom.provider/fonts/Roboto-Medium.ttf"
      },
      {
        "internal_type": "OverlapLayerModule",
        "internal_animations": [
          {
            "type": "SCROLL",
            "center": "SCREEN2",
            "speed": 200.0
          }
        ],
        "position_offset_y": 182.0,
        "viewgroup_items": [
          {
            "internal_type": "ShapeModule",
            "shape_type": "RECT",
            "shape_width": 686.0,
            "shape_height": 992.0,
            "shape_corners": 4.0,
            "paint_color": "#FF2A516F",
            "fx_shadow": "OUTER",
            "fx_shadow_color": "#2F000000",
            "fx_shadow_direction": 270.0,
            "fx_shadow_distance": 4.0
          }
        ]
      }
    ]
  }
}